Employee ID,Name,Department,Age,Job Title
1,John Doe,Sales,32,Sales Manager
2,Jane Smith,Marketing,28,Marketing Coordinator
3,Emily Johnson,HR,41,HR Generalist
4,Mike Brown,IT,35,Software Engineer
5,Sarah Lee,Finance,29,Accountant
6,David Kim,Sales,39,Sales Representative
7,Olivia Martin,Marketing,25,Marketing Assistant
8,Michael Davis,HR,36,HR Manager
9,Alexandra White,IT,31,IT Project Manager
10,Julia Hall,Finance,38,Financial Analyst
11,William Thompson,Sales,44,Sales Director
12,Sophia Rodriguez,Marketing,22,Marketing Intern
13,James Wilson,HR,45,HR Director
14,Heather Jenkins,IT,33,Software Developer
15,Robert Lewis,Finance,40,Financial Manager
16,Amanda Garcia,Sales,26,Sales Assistant
17,Jennifer Taylor,Marketing,30,Marketing Manager
18,Matthew Hernandez,HR,34,HR Specialist
19,Elizabeth Brooks,IT,27,IT Support Specialist
20,Kevin White,Finance,42,Financial Controller
21,Daniel Lee,Sales,29,Sales Representative
22,Lauren Brown,Marketing,24,Marketing Coordinator
23,Richard Davis,HR,46,HR Consultant
24,Katherine Kim,IT,23,IT Intern
25,Rebecca Martin,Finance,31,Accountant
26,Charles Hall,Sales,37,Sales Manager
27,Stephanie Thompson,Marketing,21,Marketing Assistant
28,Andrew Wilson,HR,48,HR Business Partner
29,Ashley Jenkins,IT,32,Software Engineer
30,Nicholas Lewis,Finance,43,Financial Analyst
31,Samantha Garcia,Sales,25,Sales Assistant
32,Elizabeth Rodriguez,Marketing,20,Marketing Intern
33,Michael Hernandez,HR,49,HR Manager
34,Andrea Brooks,IT,26,IT Support Specialist
35,Benjamin Taylor,Finance,41,Financial Manager
36,Emily Johnson,Sales,27,Sales Representative
37,Matthew White,Marketing,19,Marketing Assistant
38,Olivia Davis,HR,50,HR Director
39,David Kim,IT,28,Software Developer
40,Jennifer Lewis,Finance,39,Financial Controller
41,Robert Lee,Sales,30,Sales Assistant
42,Lauren Brown,Marketing,18,Marketing Coordinator
43,James Martin,HR,51,HR Consultant
44,Kevin Hall,IT,24,IT Intern
45,Rebecca Brooks,Finance,32,Accountant
46,William Thompson,Sales,31,Sales Representative
47,Amanda Jenkins,Marketing,17,Marketing Assistant
48,Andrew Wilson,HR,52,HR Business Partner
49,Daniel Hernandez,IT,25,Software Engineer
50,Stephanie Kim,Finance,40,Financial Analyst
51,Richard Lewis,Sales,29,Sales Manager
52,Elizabeth Hall,Marketing,16,Marketing Coordinator
53,Matthew Taylor,HR,53,HR Manager
54,Andrea White,IT,27,IT Support Specialist
55,Katherine Davis,Finance,42,Financial Manager
56,Emily Johnson,Sales,28,Sales Representative
57,Olivia Brooks,Marketing,15,Marketing Assistant
58,David Hernandez,HR,54,HR Director
59,Robert Kim,IT,26,Software Developer
60,Lauren Martin,Finance,43,Financial Controller
61,William Lewis,Sales,30,Sales Assistant
62,Jennifer Hall,Marketing,14,Marketing Coordinator
63,Andrew Brooks,HR,55,HR Consultant
64,Michael Wilson,IT,28,IT Intern
65,Andrea Taylor,Finance,33,Accountant
66,Elizabeth Lewis,Sales,27,Sales Representative
67,Stephanie Davis,Marketing,13,Marketing Assistant
68,Olivia White,HR,56,HR Business Partner
69,Robert Thompson,IT,25,Software Engineer
70,Katherine Martin,Finance,44,Financial Analyst
71,Emily Taylor,Sales,28,Sales Manager
72,Lauren Hernandez,Marketing,12,Marketing Coordinator
73,Andrew Davis,HR,57,HR Manager
74,Andrea Hall,IT,26,IT Support Specialist
75,Kevin Brooks,Finance,45,Financial Manager
76,David Wilson,Sales,27,Sales Representative
77,Olivia Jenkins,Marketing,11,Marketing Assistant
78,Robert Lee,HR,58,HR Director
79,Daniel Brown,IT,24,Software Developer
80,Jennifer Kim,Finance,46,Financial Controller
81,William Hall,Sales,29,Sales Assistant
82,Elizabeth Martin,Marketing,10,Marketing Coordinator
83,Michael White,HR,59,HR Consultant
84,Andrea Lewis,IT,27,IT Intern
85,Katherine Taylor,Finance,47,Accountant
86,Stephanie Brooks,Sales,26,Sales Representative
87,Olivia Davis,Marketing,9,Marketing Assistant
88,David Hernandez,HR,60,HR Business Partner
89,Robert Kim,IT,25,Software Engineer
90,Lauren Wilson,Finance,48,Financial Analyst
91,Emily Hall,Sales,27,Sales Manager
92,Andrea Martin,Marketing,8,Marketing Coordinator
93,Andrew Brooks,HR,61,HR Manager
94,Michael Lewis,IT,26,IT Support Specialist
95,Katherine Davis,Finance,49,Financial Manager
96,David Taylor,Sales,28,Sales Representative
97,Olivia White,Marketing,7,Marketing Assistant
98,Robert Thompson,HR,62,HR Director
99,Daniel Hall,IT,25,Software Developer
100,Elizabeth Kim,Finance,50,Financial Controller